,lines
0, ttto bass be the glory oh my dududu huh bubu ohohohoh yeah yeah bow ohohohoh yeah blat blat ohohohoh yeah yeah oh my dududu blat ohohohoh yeah yeah uh yeah yeah uh sauce on ya nigga got the sauce on me i got sauce boss like a young nigga was ross on me like i am fucking ross pull up on your shawty i put sauce on it like i fucking spilled sauce on ya nigga got the sauce on me like i fucking killed huh do not be alarmed this is just for fun you know what the fuck i am saying ayy ayy ayy it is a carnival ride yeah yeah yeah oh my oh my oh my oh my yuh all them fancy cunts said they wanna bring me home yeah shawty why you stalling are you gonna give me dome yeah uh i am not disrespectful i just really wanna cum yeah yeah i do not wanna talk yeah— oh my oh my question one what she ask me yeah pull up uh with two white bitches marykate ashley oh my yuh yeah yeah yeah yeah they gong smash me yeah if they talk too much i am gonna fuck around and pass em sauce on ya nigga got the sauce on me i got sauce boss like a young nigga was ross on me like i am fucking ross pull up on your shawty i put sauce on it like i fucking spilled sauce on ya nigga got the sauce on me like i fucking killed huh woah huh ohohohoh yeah oh my ohohohoh yeah ohohohoh yeah ohohohoh yeah yeah bow ohohohoh yeah blat blaow ohohohoh yeah oh my blaow ohohohoh yeah yeah uh sauce on ya nigga got the sauce on me uh boss like a young nigga was ross on me uh pull up on your shawty i put sauce on it yuh sauce on ya nigga got the sauce on me yeah huh
1, ayy i am like bitch who is your mans ayy cannot keep my dick in my pants ayy my bitch do not love me no mo ayy she kick me out i am like vro damn son where would you find this yah ayy yah ayy yah ayy haha yah yah yah ayy ayy ayy ayy i am like bitch who is your mans ayy cannot keep my dick in my pants ayy my bitch do not love me no mo ayy she kick me out i am like vro ayy that bitch do not wanna be friends ayy i gave her dick she amen ayy she put her tongue on my dick ayy look at my wrist about ten ayy just got a pound of the boof ayy brought that shit straight to the booth ayy tommy my hilfiger voots ayy she said wang fuck bitch i do ayy you put a gun on my mans ayy i put a hole in your parents ayy i just got lean on my ksubis ayy i got a uzi no uzi fuck on me look at me ayy fuck on me yah look at me ayy look at me look at me yah fuck on me yah ayy look at me yah fuck on me look at me fuck on me yah look at me fuck on me yah ayy tell these fuck niggas voot me up pipe up ayy shouts out bans and them ayy i took a white bitch to starbucks that little bitch got her throat fucked i like to rock out like i am misfit my emo bitch like her wrist slit curly hair bitch like i am corbin got like three bitches i am mormon skeet on your main bitchs forehead do not want your pussy just want head look at me fuck on me look at me fuck on me look at me fuck on me look at me yah ayy look at me fuck on me look at me fuck on me look at me fuck on me look at me yah
2, i think i i think i finally found a way to forgive myself from mistakes i made in my past i think that is the first step right you agree i have dug two graves for us my dear cannot pretend that i was perfect leaving you in fear oh man what a world the things i hear if i could act on my revenge then oh would i some kill some steal some break your heart and you thought that i would let it go and let you walk well broken hearts break bones so break up fast and i do not wanna let it go so in my grave i will rot i have dug two graves for us my dear cannot pretend that i was perfect leaving you in fear oh man what a world the things i hear if i could act on my revenge then oh would i some kill some steal some break your heart and you thought that i would let it go and let you walk broken hearts break bones so break up fast and i do not wanna let it go so in my grave i will rot in my grave i will rot in my grave i will rot in my grave i will rototot in my grave i will rot in my grave i will rototot in my grave i will rot in my grave i will rot i will rot i will rot i will rot is my pain your freedom is all of my pain your freedom enjoy
3, ooh ahh ahh ahh do not go do not go to sleep do not go stay up and tired of feeling like i am trapped in my damn mind tired of feeling like i am wrapped in a damn lie tired of feeling like my life is a damn game nigga really wanna die in the night time only time i feel pain when i am feeling love that is why it is tatted on my face that i am damn numb only tell you about my mind when i am all alone that is why i am never really lone in the night time change hoes like clothes i cannot get attached cause these hoes fire starters like lit matches i have been feeling really lost ducking all attachments i do not really go outside cause i hate traffic i do not wanna go outside get caught in traffic traffic ooh ahh ahh ahh do not go do not go to sleep do not go stay up and tired of feeling like i am trapped in my damn mind tired of feeling like i am wrapped in a damn lie tired of feeling like my life is a damn game nigga really wanna die in the night time tired of feeling like i am trapped in my damn mind tired of feeling like i am wrapped in a damn lie tired of feeling like my life is a damn game nigga really wanna die in the night time tired of feeling like i am trapped in my damn mind tired of feeling like i am wrapped in a damn lie tired of feeling like my life is a damn game nigga really wanna die in the night time nigga really wanna die in the night time nigga really wanna die in the night time nigga really wanna die in the night time uh nigga really wanna die in the night time uh nigga really wanna die in the night time do not go to sleep do not go stay up with me do not go do not go to sleep do not go stay up and do not go to sleep ooooahahh do not go do not go to sleep do not go stay up and do not
4, mmm baby i do not understand this you are changing i cannot stand it my heart cannot take this damage and the way i feel cannot stand it mmm baby i do not understand this you are changing i cannot stand it my heart cannot take this damage and the way i feel cannot stand it mmm baby i do not understand it girl you are making it hard for me girl you are making it hard for me girl you are making it hard for me mmm ohh girl you are making it hard for me girl you are making it hard for me girl you are making it hard for me mmm baby i do not understand this you are changing i cannot stand it my heart cannot take this damage and the way i feel cannot stand it mmm baby i do not understand this you are changing i cannot stand it my heart cannot take this damage and the way i feel cannot stand it mmm baby i do not understand this you are changing i cannot stand it my heart cannot take this damage and the way i feel cannot stand it mmm baby i do not understand it
5, yeah spotlight uh moonlight uh nigga why you tripping get your mood right uh shawty look good in the moonlight all these pussy niggas so bad mind spotlight moonlight nigga why you tripping get your mood right shawty look good in the moonlight all these pussy niggas so bad mind spotlight uh moonlight nigga why you tripping get your mood right uh shawty look good in the moonlight all these pussy niggas so bad mind spotlight moonlight nigga why you tripping get your mood right shawty look good in the moonlight all these pussy niggas so bad mind feel like i am destined i do not need no smith & wesson no boy who you testing fuck a scantron heres your lesson oh knife in intestine taking shots at all your brethren no feel like i am damaged girl i know you fucking planned this all alone call my phone make me feel right girl you know when you call make me feel right all alone call my phone make me feel right girl you know when you call make me feel right spotlight uh moonlight uh nigga why you tripping get your mood right uh shawty look good in the moonlight all these pussy niggas so bad mind spotlight moonlight nigga why you tripping get your mood right shawty look good in the moonlight all these pussy niggas so bad mind spotlight uh moonlight nigga why you tripping get your mood right uh shawty look good in the moonlight all these pussy niggas so bad mind spotlight moonlight nigga why you tripping get your mood right shawty look good in the moonlight all these pussy niggas so bad mind
6, it will all be over soon and i am always where the sun do not shine the tears do not show will not hurt me now cause hearts been broke i hate myself but it will not show i constantly lose all my remorse and it is ten for the wolf and three for the shepherd and it is one for the sheep who led by your leopard often gave his perception as a handle of weapon took a bite of your apple give me all you can offer now i am trapped in a changing maze setting my soul ablaze could not control the pace where is this going hey heartless is recklessness it is word of a pacifist to word of a masochist i am off of the map my lord i spoke to a baphomet he said he would save me if i gave him one thing he needed what is this thing i pleaded boy it is the key to even yeah and as i spoke my fangs were shown taken aback he smiles and tells me what you crave will soon be yours but what i crave is already mine anima vestra anima anima vestra anima
7, yeah rest in peace to all the kids that lost their lives in the parkland shooting this song is dedicated to you okay she keep callin she keep calling every single night day and night on my mind please do not kill the vibe all alone swear to god i be in my mind swear i wanna die yeah when you cross my— said i wanna die yuh no i am not alright yuh i might start a riot yuh i am so fucking tired yuh so what is up what you say feeling good i am feeling great tired of the fucking hate stacking cheese all on my plate so outside my misery i think i will find a way of envisioning a better life for the rest of us the rest of us there is hope for the rest of us the rest of us okay she keep calling she keep calling every single night day and night on my mind please do not kill the vibe oh no i swear to god i be in my mind swear i wanna die yeah when you cross my— said i wanna die yuh no i am not alright yuh i might start a riot yuh i am so fucking tired yuh so what is up what you say feeling good i am feeling great tired of the fucking hate stacking cheese all on my plate
8, why am i so in love why am i so in love why am i so in love i do not know why steady trying to maintain same things that will blow a bitch mind frame my brain cannot fathom what the hate say he say she say how about me say get the visa headed to the islands asap what is that on my shawty wrist that is a ap i am the type to save a bitch cape feeling like et flying out of the addy fucking on shawty she baddie casual convo then at it i mean i am better than better maybe i am lying i am sadder than most of yall with the money and the freedom nigga what is money really worth if it ai not love i ama find a perfect balance it is gong take time i heard shawty still in love through the grapevine heard shawty still in love through the grapevine heard shawty in love through the grapevine mix a little bit of weed with a little bit of cash with a little bit of this with a little bit of that we gong be al we gong be al right we gong be al right we gong be al mix a little bit of weed with a little bit of cash with a little bit of this with a little bit of that we gong be al we gong be alright we gong be al right we gong be al mix a little bit of weed with a little bit of cash with a little bit of this with a little bit of that we gong be al we gong be al right we gong be alright we gong be al mix a little bit of weed with a little bit of cash with a little bit of this with a little bit of that we gong be al right we gong be al we gong be al right we gong be al why am i so in love i do not know why why am i so in love i do not know why she said i oh i am falling for you falling for you i oh i am falling for you falling for you i oh i am falling for you falling for you i oh i am falling for you falling for you why am i so in love why am i so in love why am i so in love i do not know why why am i so in love why am i so in love why am i so in love i do not know why
9, yeah shawty heard you bad word so profane something like a bad word want your love call me when you can girl going up going down in and out turn around shawty heard you bad word so profane something like a bad word want your love call me when you can girl going up going down in and out turn around love you the way you moving now i might be insane yeah but i love the pain yeah feel it in the brain yeahahh realize she just want me hit it right cause i get em going right shawty heard you bad word so profane something like a bad word want your love call me when you can girl going up going down in and out turn around shawty heard you bad word so profane something like a bad word want your love call me when you can girl going up going down in and out turn around love you the way you moving now
10, how did you get here i am drunk and confused i tried to be patient with you yeah high up you are falling back down trapped in a concept falsely accused misused and misled bitch i am hoping you fucking rest in peace now the fact that i am alone is fucking comforting and i cannot seem to shake this fucking feeling in my… uh cold shoulder heartbroken misspoken i am cut open her fingers in all my stab wounds and if she could she would probably dance on my grave inside my head i see your face i fucking hate that i love you still yeah carry on like flights i just carry on with this pain inside of my chest got no choice but to carry on uh carry on like flights i just carry on with this pain inside of my chest got no choice but to carry on uh carry on like flights i just carry on with this pain inside of my chest got no choice but to carry on uh yeah how did you get here i am drunk and confused i tried to be patient with you yeah high up you are falling back down
11, i should have let you know that you are my only one i know you are feeling numb i will fuck you until you cum said i do not understand how you do not got a man you want me in your bed cause i have been in your head baby you have been up all night so you do not wanna wait on me i am bouta catch my flight so you do not gotta wait on me no more you do not wanna you do not wanna you do not wanna you do not wanna you do not wanna you do not wanna you do not wanna i have been up a very long time wonder why they hate on me i do not wanna love myself i am praying that they all love me cause you do not wanna you do not wanna you do not wanna you do not wanna you do not wanna you do not wanna you do not wanna i should have let you know that you are my only one i know you are feeling numb i will fuck you until you cum said i do not understand how you do not got a man you want me in your bed cause i have been in your head no no no no no no no no no no no no no no no no no no
12, up there yeah who do i have heaven and hell my friend my friend i will not shed a tear let them see me in pain again hello hello from the dark side in does anybody here wanna be my friend my friend want it all to end tell me when the fuck is it all gong end end voices in my head telling me i am gonna end up dead dead so save me save me before i fall i fall so save me i do not wanna go alone alone so save me save me before i fall i fall so save me save me i do not wanna go alone
13, na na na na na na na na na na na na na na na na na na na na na depression and obsession do not mix well na na na na na na na na na na na i am poisoned and my body do not feel well na na na na na na na na na na na i ate her inside and out i feel my stomach turning make out hill where we met we let our lips do all the talking and now i am hooked and… na na na na na na na na na na na depression and obsession do not mix well well hollywood motels hell i think i am just obsessed with you depression and obsession do not mix well na na na na na na na na na na na hollywood motels hell i think i am just obsessed with you na na na na na na na na na na na na na na na na na na na na na na na na na na na na na na na na na na na na na na na na na na na na na na na na na na na na na na na na na na na na na na na
14, since you never gave a damn in the first place cigarettes haha maybe it is time you had the tables turned cause in the interest of all involved i got the problem solved off the pink off the drink and the verdict is guilty man nearly kill ayy ayy ayy ohh huh ayy ayy ayy ayy ayy ayy ayy ayy ayy i feel like nick cannon nick huh cause i am wilding out cause i am wiling huh i do not got on vans i do not got em but bitch i am off the wall i do not i do not i do not i do not huh feel like nick cannon feel like nick huh cause i am wilding out cause i am huh huh i do not got on vans but bitch i am off the wall i said like insect i be bugging motherfucker fuck on your mommy my flow be sick like that bitch gotta vomit to vomit to vomit i am hot like a comet insect i be bugging motherfucker fuck on your mommy ayy my flow be sick like that bitch gotta vomit to vomit to vomit i am hot like a comet ayy when i didididididick that bitch and she see jesus on some rapture shit throw my balls at her pokémon ash ketchum shit cause i am fly like a newborn baby wombat wing me and this mic is your mortal kombat team i want some head i am thinking how zombies think beaming a pistol it look like hadouken like mayday mayday mayday mayday tell these pussy rappers that it is time to vacay rob yo lady told her put her hands up high in the air like she about to hit the nae nae they say i am crcrcrcrcray cray cannot control the nigga like we shooting from the ak but i kill these rappers i am a walking breathing payday hot but i swag still nigga got the ray rays get away get away get away get away better do you or do way way fade away you sipping haterade i am sipping gatorade with the lean in it and i call it the fade away ayy i am so toxic frog hop up on my dick i think i am a pilot cause she in my cockpit plumber uh pipe it get face like i skyped it did her a$ap like rocky rocking in my motherfucking rocking rocking in my motherfucking i feel like nick cannon nick huh cause i am wilding out cause i am wiling huh i do not got on vans i do not got em but bitch i am off the wall i do not i do not i do not i do not huh feel like nick cannon feel like nick huh cause i am wilding out cause i am huh huh i do not got on vans but bitch i am off the wall i said like insect i be bugging motherfucker fuck on your mommy my flow be sick like that bitch gotta vomit to vomit to vomit i am hot like a comet insect i be bugging motherfucker fuck on your mommy my flow be sick like that bitch gotta vomit to vomit to vomit ayy i am hot like a comet ayy when i fififififififist that bitch huh i ama make that booty jiggle like some kick back bitch huh she gong rub my dragon balls huh let her make one wish what is that she just wanna take the young dagger dick ayyayy ayyayy huh ayyayy ayyayy huh she off the molly she wanna take seven dick ayy body to body it is mc dagger bitch ayy think that i am illuminati because i got money bitch like ray j ray j ray j ray j huh bitch i hit it first on my weenie hit the naenae huh coming in hot like a missile pussy hey bae huh falcon punch that nigga make em up up and away ayy ayy watch this uppercut super smash melee ayyayy i just made her spin on my dick like a beyblade ooh i am green like a spinach i do not know you then it is payayy ooh hummanah hummana back fist out my way ayy ayy no chris brown oh fuck her make her look at me now wet when i am in the pussy say ow you got no etiquette just beginning like genesis can you give me a rapper that i am not better than mmph ayy revenge jeans i think i might od on sauce i do not rock supreme suck my dick squidwards clarinet brought to life like i am evanescence wanna wake wwwake wwwwake okay like big black black dick in your mama mouth pull it back push her whole wig back wig tic tac your breath really pu yo you really need a tictac stank big pump cobain cobain leave a pussy nigga with no brain okay blaow weenie hut jr looking boy tell him ole i ama pull that pistol make em mr noodle ayy i feel like nick cannon nick huh cause i am wilding out cause i am wiling huh i do not got on vans i do not got em but bitch i am off the wall i do not i do not i do not i do not huh feel like nick cannon feel like nick huh cause i am wilding out cause i am huh huh i do not got on vans but bitch i am off the wall i said like insect i be bugging motherfucker fuck on your mommy my flow be sick like that bitch gotta vomit to vomit to vomit i am hot like a comet insect i be bugging motherfucker fuck on your mommy my flow be sick like that bitch gotta vomit to vomit to vomit i am hot like a comet ayy
15, i shot an angel with my fathers rifle i should have set it free but i our father hallowed be thy name i shot an angel with my fathers rifle thy kingdom come i should have set it free but i hush little angel do not say a word bottle full of pills passed out on the curb sun brings heat and it just will not snow noose like a necklace on my neck will not go i was too slow cause i will not understand blade for your cries count a penny for my sins water flies off and the lake do not stream wrist down the river not across wanna bleed grow your wings fly away fly away fly away you do not wanna stay wanna stay wanna stay grow your wings fly away fly away fly away you do not wanna stay wanna stay wanna stay wake up to your face i am straightforward fuck a pace what i wanted just so happened to be you could not picture being a moment in your shoes when i think back to the kidney failures broken promise i failed i will not deny it i hailed the ground you walk on yeah heart stops you walk away you are good today you are gone tomorrow i carry my heart on my face i am so depressed what good is sex i pray that you would love me less and now it is here hand on my chest grow your wings fly away fly away fly away you do not wanna stay wanna stay wanna stay grow your wings fly away fly away fly away you do not wanna stay wanna stay wanna stay
16, luke white on the beat you ever seen a nigga hung with a gold chain i would rather sing about the same things that we claim such is bashful but niggas like the task force mobbing on the streets and robbing stores in ski masks bruh niggas ask for peace in a riot and bring violence cause it is a game of cat and mouse and you gong bleed silent what is the justice in saying fuck it and grab the pump then kill a woman with many children makes you a chump look at all the stores you wrecking nigga i reckon think about the people who own it for about a second i know you got your problems but brother they got theirs this is not a game quit violence and grow a pair but yo you would rather hear me say fuck the black prejudice lets murder different races grow hatred and form irrelevant views and etcetera knives thrown damage em lives blown oblivion hole cold oblivious i will not dare say that you should stop the fucking ignorance murder ops killing shit i would enjoy the thrill of it bathe in blood of officers different corpses offing em auction em do not you bark at em murder em never heard of em i could preach the peace but say fuck it and preach the murder cause this ai not fucking life that we living go ahead and grab the extension grab another one uncle cousin brother son glory to all the chosen ones that will rid you of the innocence but in a sense innocent will soon behold the ignorance blasphemous killing our own murdering black— we see i see death before the children white guys and white girls hanging from the buildings we hate niggers we hate jews we hate faggots and we hate spics hooray we do not have to have a reason to hate them just because they breathe we hate their filthy bums you people need to get off your ass and wake up this is america the niggers are taking it over and the jews make a stand join the klan white power white power white power and i hate jews i hate them because they exist i hate them because they breathe i hate them because they are scum the goddamn niggers are the scum of the earth white power
17, mamita vente mamita vente mamita vente mamita mamita mamita vente olvida la gente sé que tu cuerpo me pide calor y sé lo que siente la noche te prende no te preocupes me gustan mayor girl you know you got me feeling you the way you move baby bring you closer let me show you what to do move it side to side i know you want a drink or two let me have your body let me show what i can do mami eres tú quien me provoca a a a cuando chupa ella sí se pone loca a a a hazlo lento pero quítate la ropa a a a enséñame rodillas y abre boca a a a ah ah ah mami what you doing all alone in the club baby catch a vibe and pour up another cup girl i wanna get you all alone out the club get up in my ride i wanna show you love sway you like a lullabyyyyy dance with me through the niiiiight back to mi casa baby sliiiiide let me make you feel alriiiiight sway you like a lullabyyyyy dance with me through the niiiiight back to mi casa baby sliiiiide let me make you feel alriiiiight eh got me caught up in the vibe now mama lets go i ama make you shine in the night time baby rolling with a star you could be my angel just back that booty up at the right time i can feel you when you dance you grabbing all on my pants i am kissing you in advance baby live it up she putting me in a trance i am throwing out all my bands she yelling that this a jam dj turn it up she want it she want it we going hard until 6 in the morning she need it she need it i bet the neighbors know my name when she moan it mami what you doing all alone in the club baby catch a vibe and pour up another cup girl i wanna get you all alone out the club get up in my ride i wanna show you love sway you like a lullabyyyyy dance with me through the niiiiight back to mi casa baby sliiiiide let me make you feel alriiiiight girl i will have you feeling riiiiight maybe only for a niiiiight come with me and feel the viiiiibe know i wanna get insiiiiide hold it now the way you spin around got me so aroused i cannot keep it down hold it now the way you spin around got me so aroused i cannot keep it down byyyyye dance with me through the niiiiight back to mi casa baby sliiiiide let me make you feel alriiiiight
18, yeah oh my god ronny it is a vibe yeah feeling right yeah keep it quiet thought a nigga told you you so much ice yeah fantasize yeah the city lights got a nigga so yeah day and night through the day and night through the day and night got a nigga so yeah day and night through the day and night through the day and night through the day and night through the day and night do not crash do not crash you are moving too fast now more cash more cash might throw it on her ass now butterfly on the whip that is a nigga doors all my hoes super thick and do not keep no legs closed i got stripes like adidas do uh my whip the color of beetlejuice uh peter pan gucci fan look at you uh nigga you hating you bitching you ayy niggas be whining like bitches and uh nigga quite frankly do not get that shit ayy these niggas bored they irrelevant ayy niggas be watching these niggas be it is a vibe yeah feeling right yeah keep it quiet thought a nigga told you you so much ice yeah fantasize yeah the city lights got a nigga so yeah day and night through the day and night through the day and night got a nigga so yeah day and night through the day and night through the day and night through the day and night through the day and night
19, hehe yeah you know i am posted in the booth with the boof with ronny j gotta get in the mood hehe you know how i am rocking for real now gang gang gang hehe yeah yeah ronny j produced it and boy i am sipping tea in yo hood what the fuck is up you buttercup purrp in that blunt smoking suicide bloody blunts pussy boy you talking shit for twitter it ai not adding up ayy ayy okay okay how these pussy niggas moving day to day i have had enough yeah post with that fucking blade bitch i will skin your face huh dick on that fucking gun i love it when they run ayy ayy ayy fuck all that talking shit do that shit for fun uh fuck round with these niggas ayy stab a body fuck do you mean brr post with that glock aim that beam ayy yeah yeah yeah okay put that shit right in yo spleen ayy run through yo hood ayy fuck nigga what is really good bitch my niggas wish that you would ayy ayy bitch i am sipping tea in yo hood what the fuck is up ayy yeah yeah yeah yeah yeah bitch i am sipping tea in yo hood what the fuck is up bitch i am sipping tea in yo hood what the fuck is up bitch i am sipping tea in yo ayy ayy bitch i am sipping tea in yo hood what the fuck is up bitch bitch bitch bitch bitch yeah bitch i am sipping tea in yo hood what the fuck is up bitch i am sipping tea in yo hood what the fuck is up yeah ayy aww
20, hey there you looking for a brighter season yeah need to lay your burden down haha hey there you drowning in a helpless feeling dutty young blood sucka buried under deeper ground uh yeah okay uh uh yeah i seem depressed always being bothered never less keeping me out of prison and putting me to the test they ask me what is happiness you write it on a check or you feel it on the sweat when your dick is in the breast huh uoy ereht yeh uh give me a sec look nwo ruoy no eruoy dna tuo og sthgil eht nehw uoy ereht yeh okay okay nwo ruoy no eruoy dna tuo og sthgil eht nehw if death is what it seems why is it so vividly portrayed within my dreams the fear of understanding the devils running his horse hatreds not received it is coming straight from the source remorse as this time becomes a factor minds full of greed exposing your benefactors backwards pace backwards everyone is superficial only breaching the surface surface upon the earth and flames engulf the earth and prized possessions they incinerate this is far beyond any director tried to demonstrate see the record heres the record take the record set it straight perplexed only receive slumber when at heavengs gates and this is fairly simple for your breath try and contemplate your conversates hesitate and navigate your inner traits back to a time where minds were just matter if you stated opinions then bones would begin to shatter it did not matter back then cause there was no reacting acting up chevy in black acura accurate facts put the black in fact if you thought that you are free you should disregard that all facts nwo ruoy no eruoy dna tuo og sthgil eht nehw uoy ereht yeh young xster call me a young dexter nwo ruoy no eruoy dna tuo og sthgil eht nehw uoy ereht yeh my hypothesis isis death ai not shit uoy ereht yeh i would rather die than be alive in this life nwo ruoy no eruoy dna tuo og sthgil eht nehw honestly full of trife and strife nwo ruoy no eruoy dna tuo og sthgil eht nehw uoy ereht yeh jah hey there you try to stand up on your own two feet and stumbling— hey there you try to stand up on your own two feet and stumbling— hey there you try to stand up on your own two feet and stumbling— through the sky throughthrough the sky nwo ruoy no eruoy dna tuo og sthgil eht nehw uoy ereht yeh nwo ruoy no eruoy dna tuo og sthgil eht nehw uoy ereht yeh nwo ruoy no eruoy dna tuo og sthgil eht nehw uoy ereht yeh nwo ruoy no eruoy dna tuo og sthgil eht nehw uoy ereht yeh hey there you try to stand up on your own two feet and stumbling— hey there you try to stand up on your own two feet and stumbling— hey there you try to stand up on your own two feet and stumbling— through the sky throughthrough the sky
21, llew os uoy wonk i —ytterp neeb evi nac eh naht retteb od nac i naem i lrig uoy wonk i llew os uoy wonk i llew llew llew oh oh do not take my heart bmun os mi emas eht leef tnod i dna no dloh ot tsuj niap nileef eb lli niap nileef eb lli oh oh do not break my heart bmun os mi emas eht leef tnod i dna yeah no dloh ot tsuj niap nileef eb lli niap nileef eb lli listen close what is this is it heartbreak is it truly what it feels like what it sound like what is truly at the essence sharp teeth in the chest cancer all in the breast of the beaten and bruised feeling like a pawn to the greed of these fools but i never been a piece of the evil in the womb of these fake fuck niggas with they masks up presume i will be telling if i got a load i swear i resume on my conquest for the key to the chest where my mind slept and the love in my heart is a cancer and i spread it through the wall as an answer to the cries of the dead and the vanquished the depressed and the lost and the damned it is preservation of the peace an ideal world never lonely when you flowing through my mind girl i apologize cause i could not see the pain in your damn eyes cause a nigga made you leave with your heart in between different pains could not see ya when ya ai not cry i guess i am at a loss for words to feel so close to someone and for them to be gone the next day i guess you never realize how permanently damaging that is
22, yah yah yah yah yah haha members only volume 2 ayy pick up the pace tell em why i ai not find no haze indeed i am ready my outfit in vain yeah yeah the needle in my veins i am falling asleep okay king of the dead i sever your head okay when shit touch the river my reign will be fed i touch the sky and bring life to the dead i watch my demons become super saiyan okay oh i am not an orphan yeah death is my importance yeah okay rush without a soul many will fall feeling my bones i say again oh i am not an orphan okay death is my importance rush without a soul many will fall feeling my bones i say again yeah found this sound in sweden a while ago it is like the more i explore this song the more i explore different sounds period it is like the more i fall in love with making music it is nice actually i am out my mind see fear in your eyes i am sick i despise myself again the tears never come my body is numb i feel like a god amongst the men cut out my eyes feed me with lies that i do not never have to see again i feed the hate i feed the truth i give the pain to the youth fuck the devil for your wealth pistol chilling on my shelf i control my own death and i do not need no fucking help fuck the devil for your wealth pistol chilling on my shelf i control my own death and i do not need no fucking help found this sound in sweden the more i explore the more i fall in love with the music i make members only volume 2 vrother 
23, and hell is just a government creation and all the information they solicit is not nearly close to truth it was clear since the alteration of the books our children study when they said columbus discovered america oh the ultimatum of telling you the truth but oh well i am already in hell i am tired of having patience so i ama sell my soul and say some shit that fucking bothers you jesus was not white nor black i cannot knock it was somewhat a arab and one hell of a prophet do not understand why j cole talking about false prophets but did not mention higherups change your name to amber cole these fucking entertainers is playing it by the rules sucking government dick for safety to stay cool i am absolutely disgusted by all of you motherfuckers tie your throat to a truck better pedal the metal quickly
24, and every single year i am drowning in my tears i am drowning in my tears again i cannot seem to forget the pain you seem to give the pain you seem to give my friend and every single year i am drowning in my tears i am drowning in my tears again i cannot seem to forget the pain you seem to give the pain you seem to give my friend woah oh woah oh woah oh woah oh woah oh woah oh woah oh woah oh woah oh woah oh and every single year i am drowning in my tears i am drowning in my tears again i cannot seem to forget the pain you seem to give the pain you seem to give my friend woah oh and every single year i am drowning in my tears i am drowning in my tears again woah oh i cannot seem to forget the pain you seem to give the pain you seem to give my friend woah oh woah oh woah oh  and every single year i am drowning in my tears i am drowning in my tears again i cannot seem to forget the pain you seem to give the pain you seem to give my friend woah oh
25, dead inside spend a lot of time stuck in this head of mine under the assumption love is dead already just let me be here where was i when he was feeling on you with his hands at night seen the vivid pictures in my head at night it left me in tears where was i when he was feeling on you with his hands seen the vivid pictures in my head i am under the assumption love is dead where was i when he was feeling on you with his hands i am under the assumption love is dead seen the vivid pictures in my head
26, oohoohooh got you grinding all on that riding on that thang make a young nigga eyesrollin my brain whatwe gong dooohooh i can barelykeep control catch the vibe with me get the feel with me vibe with me oohoohooh got you grinding all on that riding on that thang make a young nigga eyes roll in my brain what we gong dooohooh i can barely keep control catch the vibe with me get the feel with me vibe with me i said hey put your pride right to the side yeah i can waste your time or i can change your life i said now ohohoh shawty where you going i just need one moment so baby keep your focus i said stay stay babe stay stay with me stay stay babe please do not run away please do not stray away oohoohooh got you grinding all on that riding on that thang make a young nigga eyes roll in my brain what we gong dooohooh i can barely keep control catch the vibe with me get the feel with me vibe with me oh yeah oohoohooh yeah i can barely keep control control when you are grinding all on me biting all on me girl you take my soul yeah yeah oohoohooh you look like the girl of my dreams dreams my heart is on lock and the key key it is right in your pocket you see all sex no stress stress i ai not tryna hold you back back ice on who bought you that ice do not want you to go out sad sad girl you know i am falling for you yeah and girl you know i am all in for you yeah and i am in love with youoohooh everything you dooohooh oohoohooh got you grinding all on that riding on that thang make a young nigga eyes roll in my brain what we gong dooohooh i can barely keep control catch the vibe with me get the feel with me vibe with me
27, i remember i had walked home that day content with all my misery told myself it would get better no clue what there was next for me remember there was people walking talking in the distance i was dressed for winter weather but the summer rays were kissing me i— i was lost so i took a different path in the distance he awaited me had no weapon i am guessing his hands were just enough for me was no question i am guessing he laughed just at the sight of me i was lost i remember i had walked home that day content with all my misery told myself it would get better no clue what there was next for me remember there was people walking talking in the distance i was dressed for winter weather but the summer rays were kissing me i— i was lost and there he was his presence was alarming as he approached was casual we talked about selfharming he told me kid you should not be walking on your own he smiled and laughed and pat my back he asked how far are you from home i said maybe 30 minutes his frequency distorted quick i seen it in his image i should have run right fucking there a—  you ever woke up on a train track with no motherfucking clothes on death before your eyes you praying to god but ai not no response tryna scream for hope just a shoulder that you can lean on but ai not nobody coming so you scream on and scream on and scream on while this evil fuck laugh at you train getting closer you still surprised that he battered you tears falling harder and harder minutes get minuscule could have had a son or a daughter now what you finna do you finna die here on this train track cause clearly after death ai not no way you can find your way back thinking about your previous memories going way back all them fucking dreams about a diamond chain and a maybach now your time finally up ask yourself this final question is you going down or up recollecting all the moments that you never gave a fuck now it is here death has now arrived times finally up
28, i cannot seem to find someones shoulder who will i rely on when it is over took a chance with you it made me colder better on my own when it is all over so when i am weak who do i call my god it hurts i cannot be calm what do i do where do i run i am tired of hate i am tired of love i dug my nails into my arms she turned and laughed at all my scars what is my worth what is my worth gave my love a piece of me she put my heart beneath her feet she turned and left i question what is my worth gave my love a piece of me she put my heart beneath her feet she turned and left i question what is my worth my worth my worth
29, as a fair warning to everyone listening to this song i advise you to not hide your feelings do not pretend to be okay when you are not okay do not pretend to be happy when you are sad it will only lead to your misery do not you fucking hate it when you hear my name i feel the same and when you hear this you gong feel the pain and all these niggas that you fucking with to get away but girl i know you think about it almost every day and i will be honest i be jealous of these niggas true how you feeling with these niggas that you talk to captivated by your mind and your walk too cannot replace you with these bitches that i talk to this ai not lust it is love we had trust what is good i should have held you close should have kept you warm and when the rain is falling wonder who you call do not pray to god you would rather cry than call do not jump pretend it do not hurt repent i will not stomp my feet in a rage my nigga i am no chump need you and i crave you hate you think i ripped the wings off of my fucking angel do not hurt me damn wrac i will forever be the i will forever be the elephant in the room i will always love you i am sorry i am sorry
30, okay i am way too good at this shit i do not even really gotta try no more oh my god ronny bitch i am up bitch i am up bitch i am up bitch i am up bitch i am up bitch i am up bitch i am up bitch i am up bitch i am huh bitch i am up bitch i am up bitch i am up bitch i am up bitch i am up okay bitch i am up bitch i am up okay xans for her dinner uh bag from margiela uh bad lil bitch she spanish speak no english got no manners just like a gnome i am at your home right on your yard shoes are goyard dick in your broad her pussy stinky messy like binky bon appétittee okay bitch i do not see nobody better than me mm all these pussy niggas is jealous of me mm got a pussy wetter than swiffer you see mm steal a nigga flow and murder his beat uh stole a nigga bitch she murder my meat uh had a nigga numb from feet to the knee up when she suck my dick it is making her hiccup when i am in that pussy i just might do situps bitch i am up bitch i am up bitch i am up bitch i am up bitch i am up bitch i am up bitch i am up bitch i am up bitch i am up bitch i am up bitch i am up bitch i am up bitch i am up bitch i am up bitch i am up bitch i am up all these niggas fucking hoes ten toes never fold pussy nigga snatch your soul out your shirt acting buff acting up acting tough just might get you fist fucked all that talk about running up still your boy i am running up my flows acidic i murder rap virgins with it i am swerving flipping the bird while i am purging niggas my words is bigger matter of fact my dick bigger the bigger the figure the more they probably fuck niggas i will say it again no i do not wanna be friends with none of you fucking aliens i am predator nigga i batter you nigga yo matter of fact i am better than niggas i will battle you nigga woo bitch i am up bitch i am up bitch i am up bitch i am up bitch i am up bitch i am up bitch i am up bitch i am up bitch i am huh bitch i am up bitch i am up bitch i am up bitch i am up bitch i am up bitch i am up bitch i am up bitch i am up hey that was a fucking freestyle just so yall fuck niggas know thank you very much this this whole thing was a freestyle you can ask my engineer i was doing this shit in the motherfucking booth thank you very much okay
31, oh my god ronny oh she ratchet i might smash her bend that backwards i might pass her homie on casper geeking like dexter i do magic no distraction yeah my flows on destructo disc too afraid to cuff a bitch these boys on that sucker shit feature price went up as shit like oh big deal are you satan i reply like are you playing slurp on pussy like lo mein i am progressive like flo man therapist knocking at my fucking door man my body just look like gi joe man feds asking questions i do not fucking know man kim jong un to the fucking flow man like whip lash like whip lash like whip lash like whip mm diamond baller broke my shoulder she wang fuck but cannot come over ayy ayy when i met your shorty hit the running man mm hopped out of jail made a hunnid bands mm kkk i am just hanging man mm chris rock niggas acting funny man hm my money stretching like luffy uh like disney these niggas is goofy uh i do not fuck with snakes but like gucci uh these niggas act fool for some coochie uh i will not go back to jail uh these niggas is blind need braille huh watch how i switch watch how i switch nut on her switch watch how i mm nigga where the fuck is your energy cannot mimic your enemy play pawn defending me i can palm you niggas cause i warned you niggas i never swung you niggas i do not need no motherfuckers shoulders to lean on way i ditch her pussy i treat it like ding dong harder than the kim possible theme song yeah re real quick i justi just really wanted to say all you rappers suck oh she ratchet i might smash her bend that backwards she sing like pastor homie on casper geeking like dexter i do magic no distraction yeah my flows on destructo disc too afraid to cuff a bitch these boys on that sucker shit feature price went up as shit like i been trying to tell these niggas i got i got the krabby patty formula man come fuck with me
32, ooh ohoh ohoh she showed me fake love cannot forget how it hurt no ohoh made a list of my regrets and you were the first love ohoh oh it hurts i cannot forget how it hurt no ohoh made a list of my regrets
33, leave me alone i wanna go home it is all in my head i will not be upset if leave me alone i wanna go home it is all in my head i will not be upset if heartbroken misspoken breaking anything i touch i am not in love i will not let you control what i want hate me will not break me i am killing everyone i love hate me will not break me i am killing everyone i love hey you hey you you will not hate enough hey you you why you you you hate me will not break me i am killing everyone i love hate me will not break me i am killing everyone i love
34, —ference but a very important one and it was scheduled to talk about the great things that we are doing with the secretary on the veterans administration and we will talk about that very much so in a little while but i thought i should put out a comment as to what is going on in charlottesville so again i want to thank everybody for being here in particular i want to thank— mind me while i sit and pretend to make amends with all these false loves i pray the cement will fucking swallow you i will follow you down road to this brokenhearted love for you my heart has gone as still as a corpse never mind me while i sit and pretend to make amends with all these false loves i pray the cement will fucking swallow you i will follow you down road to this brokenhearted love for you my heart has gone as still as a corpse why the fuck should i apologize countrys orderless it is a lie by these fucking government scumbag dicksuckers with ties great people they are great people wanna fight for my future it is right in my hands and the future of many youth if i play my cards can advance and genuine dime i opened my mind and where can i find this future sever your mind or you will be blind and trapped in a mind of lies within our walls i am feeling like my mind within a war between myself between this slavery of media it is poor presentation violence on many sides the youth within our nation such is a pity depending on people resembling bible satan uh set em up off and wet em up off like it is playstation uh open up your minds and come together as a nation why why why why this has been going on for a long long time it has no place in america what is vital now is a swift restoration of law and order and the protection of innocent lives no citizen should ever fear for their safety and security in our society and no child should ever be afraid to go outside and play
35, hey hey hey i just fucked my ex bitch pull up on the next bitch like what is up give neck bitch please open your legs bitch no i am not your daddy bitch but i could be your daddy bitch got big legs like a caddy bitch really wanna fuck send the addy bitch know your daddy proud of you real bad bitch with a attitude know the whole school was fucking you really mad a nigga was cuffing you really make a nigga uncomfortable hey so where we go as we walk this lonely road so where we go so where we go as we walk this lonely road so where we go hey hey i just fucked my ex bitch pull up on the next bitch like what is up give neck bitch please open your legs bitch no i am not your daddy bitch but i could be your daddy bitch got big legs like a caddy bitch really wanna fuck send the addy bitch know your daddy proud of you real bad bitch with a attitude know the whole school was fucking you really mad a nigga was cuffing you really make a nigga uncomfortable hey hey so where we go as we walk this lonely road so where we go so where we go as we walk this lonely road so where we go
36, i put one in that chamber lay you in the face of god know to beface the fake fuck aight fuck is a feeling god level i am feeling odd fairily beverly hill westside bitch i am drilling your neighbor daughter at best buy if i hit up your jack then nigga you best slide if you toting that pistol nigga you best ride if you shoot that shit at me nigga i best die cause i am a muhfucking narcissist tripping you catch a clip bitchin you not equipped with that pussy boy do not be talking shit or you can meet this ak47 it got kick back cause i am a muhfucking martian in the heart of a moshpit put that boy in a coffin cause the way that he talking pussy boy do not be gawking i ai not doing no barking i ama let that shit rip leave his ass in the parking fuckboy do not test me fuckboy do not test me fuckboy do not test me fuckboy do not test boy do not test boy do not test boy do not test boy do not test boy do not test boy do not ayy yeah ayy fuckboy do not test me fuckboy do not test me fuckboy do not test me fuckboy do not test boy do not test boy do not test boy do not test boy do not test boy do not test boy do not ayy yeah ayy
37, i was like whoaohoh whoaohoh whoawoahoh whoaohoh will not look back on my mind will not let bad out my shine will not let you cloud my mind will not let you cloud my mind all my days i was crying all my lows all my highs told my mom i am gong shine told my love i am gong and i was like whoaohoh whoaohoh whoaohoh whoaohohohoh whoaohoh whoaoh and i was like whoaohoh whoaohoh whoaohoh whoaohohohoh
38, so much hate at the top it is a lonely place when you find out the opps ai not the only snakes and your spouse only know what you do not erase the world only know you by your worst mistakes so spaz on they ass that is the only way smash on the gas down stony ayy crash and come back with a swollen face and when i am on my way x hold the gate terrorize shit we do not negotiate if you bitchmade we do not associate show up at your birthday if you owe me cake with a black mask that is how we exfoliate so pardon my way my hearts in the way i follow my thoughts ai not no logic in ye said that is all i ama say if he caught him a case then send him to jail like a dog in a cage i ai not feeling the age no rotting away you are dark as the days you caught in the way cause coffins is laid under a tombstone cause even when you die they still throwing rocks at your graves so follow the wave cannot swallow the hate my mind trumps anything that a scholar could say do not know how to behave we rage out of the raves dislocate an arm just pop it in place cause the damned they ai not it all the pain and anguish turned me into a man so i ai not complaining now these things is changing no more lames is hanging no more fame in famous ai not no shame in shaming she wanna give you the cookie you famous amos she gave you the pussy but you ai not pay for the anus now your name is tainted by the claims they painting the defendant is guilty no one blames the plaintiff gotta say it in laymangs terms while you wait on arraignments cause if the jury say you did it the payment is heinous give me one minute my lady just fainted my babies is crying you understand what i am saying one minute one minute gone one minute and the next ones mine one minute one minute gone one minute and the next ones mine one minute one minute gone one minute and the next ones mine one minute one minute gone one minute and the next ones mine ahaha faith i want more faith i want more faith i want more faith i want more faith i want more faith i want more one minute one minute gone one minute and the next ones mine one minute one minute gone one minute and the next ones mine one minute one minute gone one minute and then the next ones mine one minute one minute gone one minute and the next ones—
39, yeah sometimes i do not let go i shine i shine now the hate froze niggas mad cause they all hoes watching from the outside sometimes i do not let go i shine i shine now the hate froze niggas mad cause they all hoes watching from the outside ayy sauce as fuck i am verified and i am on your thottie mind but i do not want her cause i got a wife playing with the kitty through the day and night playing with the mind on the beat oh i shawty wanna swallow up the meat oh i shawty wanna swallow up the meat oh i hey yeah sometimes i do not let go i shine i shine now the hate froze niggas mad cause they all hoes watching from the outside sometimes i do not let go ayy i shine i shine now the hate froze niggas mad cause they all hoes watching from the outside huh she getting smoked like a bong hm smoked like that song hm that is fire that is my lung hm i got the dope in my sock awyuh she want the crack not the rock mhm i pull up like amhm huh she pull up i am like mhm huah sometimes i do not let go i shine i shine now the hate froze niggas mad cause they all hoes watching from the outside sometimes i do not let go ayy i shine i shine now the hate froze niggas mad cause they all hoes watching from the outside
40, lost in regret i feel so deeply i cannot seem to find a means of ground lost in regret i feel so deeply i cannot seem to find a means of ground hear regret say the words do not cry do not cry it will not end pain will always be my friend do not cry do not cry pain will always be my friend
41,lyrics from snippet father forgive me for you know that i am always sinning i take no interest partying with liquor fucking up my system excuse my language that is a hang up on how shitty i been feeling i am sorry i feel no attraction i know that it is been a minute i said stab wounds and now shorty you know that you hate love government and all the monasteries tryna throw shit off
42, where you said you going he cannot fuck you like i can where you said you going he cannot fuck you like i can he cannot fuck you like i can he cannot fuck you like i can he cannot fuck you like i can he cannot fuck you like i can i i did not remember much i just seen her dead in there it definitely stood out i remember her smell and her touch the way she used to talk to me it all hurts so much now how could i waste so much time on someone who does not even love me and even all the time i spent it is all pointless now i feel like i do not even wanna live anymore save me
43, heart eater why would you eat my heart alive still breathing why you looking so surprised heart eater try but you will not suffice heart eater why would you eat my heart alive still breathing why you looking so surprised heart eater try but you will not suffice ooh you are poison poison filled with poison fill my veins with poison poison filled with poison heart eater why would you eat my heart alive still breathing why you looking so surprised heart eater try but you will not suffice heart eater why would you eat my heart alive still breathing why you looking so surprised heart eater try but you will not suffice
44, you will see bad vibes forever itwillallbeoversoon i see black skies and white lies i would rather be dead filling my head with different enemies thoughts consuming me fueling my insecurities as the ground right under me crumbles as if it was not there it is too much my hearts crushed i am not alive i will not allow myself happiness cause it is all lies i have seen the pain i have run away so many times death and i are companions it is here at all times i will not love will not trust i will not die i cannot feel but managed to steal your heart love was dirt poor now fuck whores and want love it seems that anything offered could be enough but as time body falls so i do not know who to call alone and my heart got tat of it broke i am so fucking numb my life has succumbed to hatred and death alone in the snow
45, how is it feel how is it feel with your broken heart cannot reveal cannot reveal all these fucking scars hurt me now kill the pain this is just the start kill me now numb the pain i just want it to stop run away run away from my broken heart kill me now numb the pain this is just the start run away run away from my broken heart kill me now numb the pain this is just the start heart broken no one can feel me heart open with an incision you broke it too many faces running i am nothing i am nothing different
46, ahem yeah i was staring at the sky singing toxic lullabies i was staring at the sky screaming words with no remorse pitchforks pointed at my heart i was staring at the sky we are gonna break we are gonna break we are gonna break we are gonna break i was staring at the sky singing toxic lullabies i was staring at the sky
47, sing me a sad song top of the morning too by the catacombs you and i it is do or die skies are grey so you flew a kite we knew and i will take my lifetime better days i will not awake and i know you i we die it is so hard to take this time i will fly we will not ever break it is all i know you cannot ever say you i we die it is so hard to take this time i will fly we will not ever break it is all i know you cannot ever say the end just never comes oohah end just never comes oohah end just never comes oohah the end just never comes oohah end just never comes oohah end just never comes oohah
48, what are you so afraid of is it love or wasting your time what are you so afraid of is it love or wasting your time oohooh oohooh oohooh oohooh oohooh oohooh oohooh oohooh what are you so afraid of is it love or wasting your time what are you so afraid of is it love or wasting your time oohooh oohooh oohooh oohooh oohooh oohooh oohooh oohooh oohooh oohooh oohooh oohooh oohooh oohooh oohooh oohooh oohooh oohooh
49, royalty royalty inna mi bloodline dem soldiers yell dem soldiers yell on these front lines do not know why know why but demons come to test us sometimes in my scheme from longtime longtime defeat where you are confined royalty royalty inna mi bloodline dem soldiers yell dem soldiers yell on these front lines do not know why know why but demons come to test us sometimes in my scheme from longtime longtime defeat where you are confined yeah me haffi big up yuh big up yuh big up yuh buy car and land fi yuh use bad man for their bread when the mortgage up big up yuh big up yuh big up yuh gyal dem a kingston haffi whine dem body when they hear me on this one man it is cool until this shit change wanna use me for the money and the cars yeah the big range yeah it is funny how shit change all shorty want is young niggas drawers that shit stains in a poor house biscayne now i am in the coupe with a crib big as chris paine never could forget all the nights it was just pain now i am finna come for the throne do not forget mane royalty royalty inna mi bloodline dem soldiers yell dem soldiers yell on these front lines do not know why know why but demons come to test us sometimes in my scheme from longtime longtime defeat where you are confined nuff tings ah get lock arff iced out rings nah come off clean from me born tell a gyal she fi chuck arff we cannot stall we a rise we a take arff we make the boys do wha dem a do cause the gyal ah set trends name just ah bubble pon the endz tick me ah tock pon the sumtin til it bend we no friend badmind we no fraid of dem we no fraid win we a win til the end royalty royalty inna mi bloodline dem soldiers yell dem soldiers yell on these front lines do not know why know why but demons come to test us sometimes in my scheme from longtime longtime defeat where you are confined his imperial majesty haile selassie so we royal triple x crew so we loyal big batty fat pussy broad gyal come here back it up gyal buss a whine mhm hm bend up inna 10 and inna nine mhmhmm miami gyal caribbean whine yardie say you a real buddy bruka yankie say you a bad muhfucka kymani who waan fi war we can work the army war like irani man grimy crimy cannot style me parrie man triple x to tentacion pull up on dem endz deh like taxi man nah spray cologne we spray hot metal cho man real bad man like sandokan real hot gyal badman go pon anyweh we walk the street govern no fairytale no alice no peter pan versace style louis v pattern we strike the street hard no fifa plan kick you from mobay halfway tree you land we born fi get dough no need no man we life a sort ask the reader man we balls a work we a the breeder and nah laugh with it badman riddim smoke high grade and fly like pigeon real badman we no haffi have image score like scrimmage inna any gyal village fuck dem wicked and squeeze out liquid sharp shooter like billy the kid haffi live twice fi do things that we did tj tell dem we are wild and wicked royalty royalty inna mi bloodline dem soldiers yell dem soldiers yell on these front lines do not know why know why but demons come to test us sometimes in my scheme from longtime longtime defeat where you are confined
50, yeah there she was with the blade in her hand scars on her skin replaced kiss of the man she is played a part for as long as she is known regret fills her heart as her love leaves her home she is learned to be passive but such is a loss accepting defeat when i foreclose the costs for her this was needed to be rid of the pain you play the victim and i will play insane offense or defense passive or violent i will cut my wrists until my heartbeat is silent with the shell in my hand i am equipped with the pump shots in her body until she is a stump stomp out the fucker his death will be slow you made me do this just as far as you know if you do not exist then my pain can be rid so i gut the fucker then eat like a pig offense or defense passive or violent i will cut my wrists until my heartbeat is silent with the shell in my hand i am equipped with the pump shots in her body until she is a stump offense or defense passive or violent i will cut my wrists until my heartbeat is silent with the shell in my hand i am equipped with the pump shots in her body until she is a stump i am the heart marksman
51, duh duh duh duh duh duh duh duh duh duh cannot seem to explain a thing going on in my head on in my head the memories seem to fade away with the thoughts in my head the thoughts in my head running from different enemies and the thoughts in my head the thoughts in my head running from different enemies and the thoughts in my head the thoughts in my and where did you go as i slipped as i slipped i cannot seem to get out my head out my head i wept and i will count the tears i shed tears i shed tears i she sat there and watched as i bled as i bled as i bled as i bled as i bled as i bled as i bled and where did you go as i slipped as i slipped i cannot seem to get out my head out my head and where did you go as i slipped as i slipped i cannot seem to get out my head out my head
52, got it on smash foreign spanish jawn really like the lemonade i put cartiers all over my bitchs face she just got a pair all because a nigga paid put her in the past cause you know yeah you know i smashed yeah i smashed yeah shawty let me smash so i put her in the past yeah i put her in the past yeah i smashed yeah yeah you know i smashed yeah so i put her in the past yeah yeah i put her in the smash she rock carti frames sweet like candy canes if i am superman she my lois lane gucci everything louis everything had to cut her off she sniff too much caine do not look so surprised all she want to do is lie then she turned around and cried demons all in her eyes she do not feel no pain she might be insane colder than some rain pussy lemonade foreign spanish jawn really like the lemonade i put cartiers all over my bitchs face she just got a pair all because a nigga paid put her in the past cause you know yeah you know i smashed yeah i smashed yeah shawty let me smash so i put her in the past yeah i put her in the past yeah i smashed yeah yeah you know i smashed so i put her in the past yeah yeah i put her in the smash
53, voices in your voices in your voices in your head those who tryna drive you mad and make it all make it all wild wild voices in your voices in your voices in your head those who tryna drive you mad and make it all make it all wild wild there is another mind deep in me do not know what is gotten into me i have seen the other side plentifully until the end i will until the end i will fight there is another mind deep in me do not know what is gotten into me i have seen the other side plentifully until the end i will until the end i will fight do not give up do not give up do not give up do not give up do not give up do not give up do not give up do not give up do not give up do not give up do not give up do not give up do not give up do not give up do not give up do not give up
54, i drink blood of school shooters slit throat loose screws get fucked up hang his ass fromflagpoleswith sad souls theinnocent who the fucks protecting us boyyou better buckle up cause i got questions for you fucks i have had enough triple x i just popped a triple x uh a school shooter i just need attention yeah uh tell the principal i ai not got no principles i do not need no school i got internet yeah kids at school calling me different yeah so i am tryna work on my differences yeah cool kids at school smoke bigarettes teens with nicotine or with liquor breath or the semitec at school what is the bigger threat intellect mixed with inner stress that is a recipe for disaster if you do not believe me go ask any chef school shooter i just need mental help saved by the bell i cannot hear the bell give me bad grades i do not give a f get in front of my classmates and kill myself i drink blood of school shooters slit throat loose screws get fucked up hang his ass from flagpoles with sad souls the innocent who the fucks protecting us boy you better buckle up cause i got questions for you fucks i have had enough ah i got a question where was protection how did this happen can we go backwards can we go backwards can we go backwards can we go backwards i got a question i got a question i got a question shooter school shooter i taught em a lesson yeah
55, i dream so much and i just cannot seem to find an answer to what i am looking for in general i cannot keep living like this it is breaking my heart day by day i mean who is to say who is to say you find an answer when living what if you just die what if life as we know it is all a game what if we live for no reason what if you just disappear when you die should i cling to life or should i just kill myself so many contradictions contemplations it is getting harder and harder to mask my pain i cannot tell if i wanna live or if i wanna die please save me
